titre,date
“Recherches en CCA & Durabilité”,“Recherches en CCA & Durabilité”
Appel à projets formation 2025 et congés pour projets pédagogiques (CPP),Appel à projets formation 2025 et congés pour projets pédagogiques (CPP)
Charm-EU : un diplôme exemplaire,Charm-EU : un diplôme exemplaire
Appel à projets “Bourses de Master”,Appel à projets “Bourses de Master”
L’accès au Master,L’accès au Master
Appel à projets formation 2024 et congés pour projets pédagogiques (CPP),Appel à projets formation 2024 et congés pour projets pédagogiques (CPP)
Le Master chimie vous ouvre des portes,Le Master chimie vous ouvre des portes
Et l’alliance CHARM devient master…,Et l’alliance CHARM devient master…
Lancement du Master Sciences du Bois,Lancement du Master Sciences du Bois
MoXMo : Le multiculturalisme européen face aux défis du bassin de Thau,MoXMo : Le multiculturalisme européen face aux défis du bassin de Thau
IDIL : Se former par et pour la recherche,IDIL : Se former par et pour la recherche
BIO’OCC : Biothérapies et Bioproduction en Occitanie,BIO’OCC : Biothérapies et Bioproduction en Occitanie
Formation doctorale et HDR,Formation doctorale et HDR
L’effet CHARM,L’effet CHARM
L’UM partenaire du nouveau Master Erasmus Mundus sur les radiations et leurs effets,L’UM partenaire du nouveau Master Erasmus Mundus sur les radiations et leurs effets
Diplôme niveau master “Défis globaux pour le développement durable” CHARM-EU : candidatures ouvertes,Diplôme niveau master “Défis globaux pour le développement durable” CHARM-EU : candidatures ouvertes
